method,seed,selected_epoch,train_epoch32,validation_mean,validation_best4,test_mean,test_best4
qcv,10,22,0.767771665353772,0.7788889339573168,0.8383478809076389,0.7596470631640216,0.8302625710158752
row_delta,10,21,0.7674230129434827,0.7795193627343324,0.838648068492261,0.7584891016460108,0.8302116221551564
grpo,10,31,0.6573993076625123,0.6632243087319684,0.8084068240319708,0.649954531693834,0.7929702933523596
relax,10,32,0.7647102161984703,0.7724549065570188,0.8373384694476613,0.7538644437718917,0.827033988136582
rloo,10,22,0.7674339135823992,0.7755332544815419,0.8381480141798472,0.7574995589069394,0.828705925221597
otb,10,26,0.7579666382522641,0.7665802414686917,0.834262346582136,0.7556739140726452,0.8275281491932726
reinforce,10,6,0.7732491388925617,0.7718832500572732,0.8210475442512059,0.7646635858763312,0.8127546483862289
qcv,11,26,0.7700751321972631,0.7808449262442609,0.8391410089971074,0.7656065988210301,0.8330357195121763
row_delta,11,26,0.7663949275136888,0.7824633759753755,0.8393869189483528,0.7665200129140498,0.8335199941758846
grpo,11,23,0.6570142867475913,0.6630094520443284,0.8092282612432482,0.6476430456666377,0.7933939953467718
relax,11,19,0.761774951403111,0.7750047307144171,0.8380768338771416,0.7552750237694791,0.8288177187771875
rloo,11,19,0.7609869424872994,0.7747975881013398,0.8382273819751698,0.7577378017505288,0.8262646631186408
otb,11,25,0.7513499305653829,0.7616958735006003,0.8370629890115253,0.7466013774246181,0.8283338801237836
reinforce,11,5,0.7605331476239787,0.7820260744113088,0.8176281008553803,0.7743302838299493,0.8125988263401579
qcv,12,28,0.7652485734058097,0.7750727880317888,0.8386252705513677,0.7639490710308147,0.8317026067462482
row_delta,12,24,0.7668252099213323,0.7762983588136879,0.8388987598751896,0.759400008009416,0.8313136354851755
grpo,12,30,0.6518489823181475,0.6631157115279154,0.8067584104732088,0.6502871772261067,0.7912781229622697
relax,12,22,0.7593921846817325,0.773838977556982,0.8370958916012743,0.7582839571826265,0.8282186925506381
rloo,12,22,0.7624697141311295,0.7755929339257099,0.8399149319765351,0.7609411038138792,0.8290288005131774
otb,12,28,0.7528085911847748,0.7654839910610831,0.8370349948626328,0.7460245213902537,0.8235688114325357
reinforce,12,7,0.7464967579277717,0.7620552835557421,0.8207590213708277,0.7553731854434834,0.8128813756758131
qcv,13,18,0.7677728974738574,0.775558367370478,0.8386184605988645,0.7631691115781973,0.8305377055351489
row_delta,13,24,0.7684746602393162,0.7749124012970434,0.8383059348561537,0.7624009711223632,0.8314262717195926
grpo,13,27,0.6485349450386548,0.6639404193129254,0.8075381144631213,0.6558309920471537,0.7942090351601162
relax,13,27,0.7627743972591461,0.7735414889700694,0.8366311835912745,0.7600070200408726,0.8293281326594836
rloo,13,23,0.7646991159129986,0.7740898612336172,0.8357013344880495,0.7577876017437,0.8276183981887054
otb,13,14,0.7481656035070812,0.7637629490696004,0.8353537992398035,0.7386101308371392,0.8258166622971069
reinforce,13,30,0.767273654769187,0.7763210089818127,0.8393761821878131,0.7670123967299906,0.83209440075732
qcv,14,24,0.7670123299009552,0.7791236954639476,0.838820437309907,0.763357772021403,0.8319145822227199
row_delta,14,24,0.7658130032308175,0.7777668648809868,0.8386225821037013,0.7634710795634412,0.8324348454981889
grpo,14,31,0.664664925550796,0.6634341312023146,0.8078091448029323,0.6526541999589427,0.7923728403421716
relax,14,22,0.7588250240358523,0.7739940994591749,0.837148037290788,0.7581781485093709,0.827819324227137
rloo,14,24,0.766057538985383,0.7759608919988772,0.837458548372717,0.7613752598110552,0.8289582694059638
otb,14,23,0.7603345074913392,0.7730662977684284,0.8363898048562102,0.7572006522161311,0.8271411914254342
reinforce,14,26,0.7689722232954862,0.770860422099582,0.8403044550218479,0.7609987625622882,0.8274684601282661
qcv,15,21,0.7700684855164204,0.7760934183532661,0.8381303593439944,0.7639384450677059,0.8310012080576447
row_delta,15,29,0.7697527306701126,0.7779793815747174,0.8392349812224768,0.7665150356257512,0.8337284392327076
grpo,15,30,0.6562374860660577,0.6637879548137388,0.8083940988284221,0.6518564537741686,0.7946120627763958
relax,15,17,0.7636351861266057,0.772317740865027,0.834544340984678,0.7571555751387814,0.8290355989481782
rloo,15,31,0.7660216961034727,0.7749676366296516,0.837206877119635,0.7541197789985092,0.8276070729343727
otb,15,18,0.7550735145387343,0.7636110848562965,0.836714285256998,0.7427636303079194,0.828118844145642
reinforce,15,6,0.7518512328995849,0.7617814238190757,0.8202247432303416,0.7542315522878142,0.8132425343420268
qcv,16,21,0.7610703310110127,0.7779256524174059,0.8388097423310876,0.7620244376325029,0.8305713046494406
row_delta,16,26,0.7634377096242237,0.7781158010695602,0.838867187423108,0.7591529331109818,0.8304868611940769
grpo,16,30,0.6583443955771648,0.6684776424876588,0.808652455487764,0.6567059367805879,0.7968865665448324
relax,16,26,0.758062897614807,0.7733968678495245,0.8388608816443256,0.7623096546172294,0.8331173252859593
rloo,16,19,0.7590955307744854,0.7751157792291556,0.8379308944027675,0.7607313687119768,0.8300389059159817
otb,16,30,0.7507219555681377,0.7635522491259836,0.836427220090681,0.7442429200668244,0.8262477037594864
reinforce,16,7,0.7415432807821387,0.7667374929047444,0.8201775178750534,0.7587379802786091,0.8122830534289365
qcv,17,29,0.7629826747782288,0.78165452456265,0.8394378279164596,0.7619164902901255,0.8321159672715418
row_delta,17,25,0.7649684479286312,0.7783568831795704,0.8395686641062929,0.7649895742316448,0.8328945531208806
grpo,17,29,0.6548359075692737,0.6657635528852917,0.8052599423437325,0.6506834520365983,0.7924630640643247
relax,17,28,0.7593013158090395,0.7770076393021808,0.8393247843673945,0.7580236595442117,0.8308561863488028
rloo,17,28,0.7567568553228575,0.7760869486601139,0.8370600739684612,0.7610807109232582,0.8285496702560385
otb,17,16,0.7503267416608572,0.7635530202491401,0.8360599866959953,0.746797791667829,0.8256427309401592
reinforce,17,28,0.7662230981151777,0.7715214701441794,0.8365089127768608,0.7625833021579181,0.829383262028607
qcv,18,22,0.7676608195428006,0.7771637051319902,0.8380728314541775,0.7637929270305669,0.831750037569717
row_delta,18,32,0.7694954340199048,0.7764383663453446,0.8380714793230243,0.759989580159755,0.8309781066364362
grpo,18,32,0.6579943154807208,0.6685287264638352,0.8083900448453464,0.6601632253057829,0.7932716775397349
relax,18,28,0.7634891180508683,0.77572277508254,0.8375450591109124,0.7583278851110594,0.8296361305642763
rloo,18,29,0.7656734052029347,0.7801131284890821,0.8375728950652613,0.7653854623148726,0.8291397129311527
otb,18,28,0.7536947522009123,0.7688690457982067,0.8371429546963771,0.7537164276005462,0.8299347540604874
reinforce,18,5,0.7336358215436952,0.7554419442241087,0.8205176239812874,0.7504836048585727,0.8113171912292741
qcv,19,26,0.7678614526157639,0.7767084494387976,0.8383987639660724,0.7641838391015707,0.8332554732460832
row_delta,19,25,0.7698054585941475,0.7756455486206726,0.838089940204021,0.7617302589512349,0.8322538361665546
grpo,19,28,0.6571103244505847,0.6612794413179195,0.808513750472578,0.6485509381887994,0.7925724769762005
relax,19,30,0.7615535539476789,0.7727528307227403,0.8363783178535875,0.7535736022954709,0.8272481843512725
rloo,19,21,0.7683998277087262,0.776872117944293,0.8382985537240757,0.75971937232455,0.8306110885203984
otb,19,17,0.7575250979784725,0.7698475131282547,0.8365984984505122,0.7485346232571617,0.8264406712047796
reinforce,19,24,0.760711164509902,0.7695547224758263,0.8365116074983063,0.7539784117490012,0.8263925009212918
